<?xml version="1.0" encoding="UTF-8"?>
<!DOCTYPE mapper PUBLIC "-//mybatis.org//DTD Mapper 3.0//EN"
        "http://mybatis.org/dtd/mybatis-3-mapper.dtd">

<mapper namespace="com.dao">
    <select id="selectByqq" resultType="User" parameterType="User">
        select * from USER where qq=#{qq}
    </select>
    <insert id="inPeriod" parameterType="User">
        insert into user(qq,period_id,week) values(#{qq},#{period_id},#{week})
    </insert>
    <select id="selectByqqAndPeriod_id" resultType="int">
        select count(1) from USER  where qq=#{qq} and period_id=#{period_id}
    </select>
    <delete id="deleteByqqAndPeriod_id" parameterType="User">
        delete from user where qq=#{qq} and period_id=#{period_id}
    </delete>
</mapper>
