<?xml version="1.0" encoding="UTF-8" ?>
<!DOCTYPE configuration
        PUBLIC "-//mybatis.org//DTD Config 3.0//EN"
        "http://mybatis.org/dtd/mybatis-3-config.dtd">

<configuration>

    <!-- 配置指定使用LOG4J输出日志 -->
    <!--<settings>-->
        <!--<setting name="logImpl" value="LOG4J"/>-->
    <!--</settings>-->

    <!-- 配置包的别名，这样我们在mapper中定义时，就不需要使用类的全限定名称，只需要使用类名即可 -->
    <typeAliases>
    <typeAlias type="com.pojo.User" alias="User"/>
    </typeAliases>


    <!-- 数据库配置 -->
    <environments default="development">
        <environment id="development">
            <transactionManager type="JDBC"/>
            <dataSource type="POOLED">
                <property name="driver" value="com.mysql.jdbc.Driver"/>
                <property name="url" value="jdbc:mysql://localhost:3306/fr"/>
                <property name="username" value="root"/>
                <property name="password" value="123456"/>
            </dataSource>
        </environment>
    </environments>

    <!-- mybatis的SQL语句和映射配置文件 -->
    <mappers>
        <mapper resource="dao/User.xml"/>
    </mappers>
</configuration>

